<?xml version='1.0' encoding='UTF-8' ?>
<timeLogEntries>
  <time id="1" path="/Non Project/PSP Fundamentals &amp; Advanced/psp1/Planning" start="@1487544664000" delta="37" />
  <time id="2" path="/Non Project/PSP Fundamentals &amp; Advanced/psp1/Design" start="@1487546281000" delta="6" />
  <time id="3" path="/Non Project/PSP Fundamentals &amp; Advanced/psp1/Design" start="@1487546686000" delta="32" />
  <time id="5" path="/Proyecto/PSP Fundamentals &amp; Advanced/Program 2/Code" start="@1487550514000" delta="29" />
  <time id="6" path="/Proyecto/PSP Fundamentals &amp; Advanced/Program 2/Code" start="@1487561821000" delta="88" />
  <time id="8" path="/Proyecto/PSP Fundamentals &amp; Advanced/Program 2/Compile" start="@1487640018118" delta="5" />
  <time id="9" path="/Proyecto/PSP Fundamentals &amp; Advanced/Program 2/Compile" start="@1487640026349" />
  <time id="10" path="/Proyecto/PSP Fundamentals &amp; Advanced/Program 2/Code" start="@1487640061685" delta="12" />
  <time id="11" path="/Proyecto/PSP Fundamentals &amp; Advanced/Program 2/Code" start="@1487641810000" delta="42" />
  <time id="12" path="/Proyecto/PSP Fundamentals &amp; Advanced/Program 2/Test" start="@1487640079000" delta="11" />
  <time id="14" path="/Proyecto/PSP Fundamentals &amp; Advanced/Program 2/Planning" start="@1487542984000" delta="43" />
  <time id="15" path="/Proyecto/PSP Fundamentals &amp; Advanced/Program 2/Design" start="@1487545501000" delta="10" interrupt="9" />
  <time id="16" path="/Proyecto/PSP Fundamentals &amp; Advanced/Program 2/Design" start="@1487546686000" delta="32" />
  <time id="17" path="/Proyecto/PSP Fundamentals &amp; Advanced/Program 2/Postmortem" start="@1487642429000" delta="25" />
  <time id="18" path="/Proyecto/PSP Fundamentals &amp; Advanced/Program 1/Planning" start="@1488757774223" delta="13" interrupt="1" />
  <time id="20" path="/Proyecto/PSP Fundamentals &amp; Advanced/Program 1/Design" start="@1488757817446" delta="7" />
  <time id="21" path="/Proyecto/PSP Fundamentals &amp; Advanced/Program 1/Code" start="@1488757823078" delta="32" />
  <time id="22" path="/Proyecto/PSP Fundamentals &amp; Advanced/Program 1/Test" start="@1488757828974" delta="5" />
  <time id="23" path="/Proyecto/PSP Fundamentals &amp; Advanced/Program 3/Planning" start="@1488747494000" delta="16" />
  <time id="24" path="/Proyecto/PSP Fundamentals &amp; Advanced/Program 2/Postmortem" start="@1488762842484" delta="32" />
  <time id="25" path="/Proyecto/PSP Fundamentals &amp; Advanced/Program 3/Planning" start="@1488748611000" delta="5" />
  <time id="26" path="/Proyecto/PSP Fundamentals &amp; Advanced/Program 3/Design" start="@1488765122000" delta="18" comment="Diagrama de clases" />
  <time id="27" path="/Proyecto/PSP Fundamentals &amp; Advanced/Program 3/Code" start="@1488770529513" delta="48" />
  <time id="29" path="/Proyecto/PSP Fundamentals &amp; Advanced/Program 3/Design Review" start="@1488766502000" delta="22" />
  <time id="31" path="/Proyecto/PSP Fundamentals &amp; Advanced/Program 3/Code" start="@1488851849698" delta="13" />
  <time id="32" path="/Proyecto/PSP Fundamentals &amp; Advanced/Program 3/Test" start="@1488854681859" delta="51" interrupt="1" />
  <time id="33" path="/Proyecto/PSP Fundamentals &amp; Advanced/Program 3/Test" start="@1488859149719" delta="19" />
  <time id="34" path="/Proyecto/PSP Fundamentals &amp; Advanced/Program 3/Test" start="@1488895223987" delta="22" />
  <time id="35" path="/Proyecto/PSP Fundamentals &amp; Advanced/Program 3/Test" start="@1488897370749" delta="19" />
  <time id="36" path="/Proyecto/PSP Fundamentals &amp; Advanced/Program 3/Test" start="@1488900778121" delta="70" />
  <time id="37" path="/Proyecto/PSP Fundamentals &amp; Advanced/Program 3/Code Review" start="@1488936607000" delta="23" />
  <time id="39" path="/Proyecto/PSP Fundamentals &amp; Advanced/Program 3/Planning" start="@1488745350000" delta="33" comment="Arreglo de dashboard" />
  <time id="40" path="/Proyecto/PSP Fundamentals &amp; Advanced/Program 3/Postmortem" start="@1488938655000" delta="12" />
</timeLogEntries>
